time,latitude,longitude,depth,mag,magType,nst,gap,dmin,rms,net,id,updated,place,type,horizontalError,depthError,magError,magNst,status,locationSource,magSource
2023-07-23T10:48:38.974Z,38.157,37.1457,10,4,mb,36,59,0.625,0.57,us,us7000khse,2023-07-23T11:21:35.040Z,"7 km SW of Elbistan, Turkey",earthquake,2.35,1.95,0.164,10,reviewed,us,us
2023-07-22T10:37:12.168Z,37.8628,36.236,10,4,mb,27,85,0.295,0.84,us,us7000khlb,2023-07-22T11:12:21.040Z,"18 km SE of Saimbeyli, Turkey",earthquake,2.82,1.951,0.211,6,reviewed,us,us
2023-07-09T02:27:36.163Z,38,36.3643,5.736,3.5,ml,9,93,0.409,0.44,us,us6000kr1s,2023-07-10T02:41:16.388Z,"11 km WSW of Göksun, Turkey",earthquake,2.46,8.991,0.081,20,reviewed,us,us
2023-06-29T13:34:44.559Z,38.0788,37.2715,10,4.2,mb,26,66,0.641,0.67,us,us6000knvh,2023-07-22T14:56:53.040Z,"7 km ENE of Ekinözü, Turkey",earthquake,3.91,1.707,0.166,10,reviewed,us,us
2023-06-29T05:28:08.743Z,37.9845,36.298,10,4.3,mb,42,52,0.406,0.67,us,us6000knth,2023-07-21T11:29:27.040Z,"17 km WSW of Göksun, Turkey",earthquake,4.67,1.883,0.116,21,reviewed,us,us
2023-06-19T18:31:31.446Z,37.9955,36.5699,10,4.4,mb,98,25,0.428,0.84,us,us7000k9nd,2023-06-28T13:40:13.040Z,"6 km ESE of Göksun, Turkey",earthquake,3.32,1.792,0.068,62,reviewed,us,us
2023-06-18T20:59:23.441Z,37.841,36.2621,10,4.2,mb,45,39,0.269,0.75,us,us7000k9fc,2023-07-03T17:37:17.040Z,"22 km SE of Saimbeyli, Turkey",earthquake,2.75,1.436,0.132,16,reviewed,us,us
2023-06-17T22:02:56.115Z,37.6295,37.4085,10,4.3,mb,69,76,0.422,0.62,us,us7000k999,2023-07-21T00:07:57.040Z,"16 km SE of Çağlayancerit, Turkey",earthquake,2.88,1.858,0.087,37,reviewed,us,us
2023-06-08T03:38:42.693Z,37.7829,36.3231,10,4.3,mb,69,44,0.203,0.7,us,us7000k71u,2023-07-06T03:23:26.040Z,"22 km N of Andırın, Turkey",earthquake,2.56,1.891,0.104,26,reviewed,us,us
2023-06-05T16:40:47.905Z,37.9672,36.5784,10.496,4.5,mwr,92,26,0.428,0.54,us,us7000k6ge,2023-07-13T17:42:37.040Z,"9 km SE of Göksun, Turkey",earthquake,3.77,4.322,0.071,19,reviewed,us,us
2023-05-23T01:12:47.168Z,37.9429,36.3225,10,4,mb,40,39,0.363,0.58,us,us7000k34v,2023-06-22T01:20:36.040Z,"17 km WSW of Göksun, Turkey",earthquake,1.62,1.878,0.173,9,reviewed,us,us
2023-05-22T16:42:58.241Z,37.8904,36.2608,10,4.3,mwr,48,72,0.317,0.56,us,us6000kdx8,2023-05-29T19:28:17.040Z,"18 km SE of Saimbeyli, Turkey",earthquake,2.28,1.87,0.069,20,reviewed,us,us
2023-05-22T16:06:58.948Z,37.9346,36.2708,5.385,4.4,mwr,108,52,0.359,0.77,us,us6000kdwz,2023-05-29T19:00:48.040Z,"16 km ESE of Saimbeyli, Turkey",earthquake,3.23,4.156,0.052,36,reviewed,us,us
2023-05-21T20:16:21.945Z,37.9176,36.2543,10,4.1,mb,38,37,0.345,0.68,us,us6000kdr0,2023-05-28T20:38:13.040Z,"16 km ESE of Saimbeyli, Turkey",earthquake,2.64,1.931,0.184,8,reviewed,us,us
2023-05-21T12:46:13.460Z,37.9246,36.2523,5.539,4.9,mwr,80,51,0.352,0.38,us,us6000kdm0,2023-06-06T09:20:04.770Z,"15 km ESE of Saimbeyli, Turkey",earthquake,5.06,4.523,0.053,34,reviewed,us,us
2023-05-19T08:23:37.141Z,38.3533,37.7687,10,4,mb,20,47,0.861,0.75,us,us6000kd3i,2023-07-24T01:15:57.040Z,"Central Turkey",earthquake,2.57,1.961,0.212,6,reviewed,us,us
2023-05-14T12:06:08.766Z,37.9018,36.1797,7.024,4.1,mb,57,34,0.347,0.53,us,us6000kbui,2023-07-24T01:17:00.040Z,"12 km SE of Saimbeyli, Turkey",earthquake,3.86,5.058,0.109,23,reviewed,us,us
2023-05-12T08:36:25.640Z,37.8832,36.231,4.268,4.2,mb,22,85,0.316,0.75,us,us6000kcj7,2023-07-22T19:17:30.040Z,"Central Turkey",earthquake,1.61,5.069,0.2,8,reviewed,us,us
2023-05-12T08:33:21.858Z,37.8784,36.2491,2.866,4.5,mwr,57,54,0.307,0.78,us,us6000kbcq,2023-07-22T19:16:59.040Z,"18 km SE of Saimbeyli, Turkey",earthquake,2.86,5.154,0.071,19,reviewed,us,us
2023-05-06T12:29:27.020Z,37.8443,36.564,10,4.2,mb,29,49,0.316,0.58,us,us6000ka0l,2023-07-15T22:10:07.040Z,"Central Turkey",earthquake,3.03,1.788,0.158,11,reviewed,us,us
2023-05-05T14:52:29.643Z,37.9221,36.3313,9.387,4.8,mwr,91,29,0.342,0.47,us,us6000k9td,2023-07-15T22:09:56.040Z,"18 km SW of Göksun, Turkey",earthquake,5.66,4.352,0.062,25,reviewed,us,us
2023-05-03T17:22:16.031Z,38.0547,36.6366,7.793,4.2,mb,43,43,0.392,1.2,us,us6000kam9,2023-07-15T22:10:20.040Z,"12 km ENE of Göksun, Turkey",earthquake,2.99,5.134,0.199,7,reviewed,us,us
2023-05-03T17:16:38.697Z,38.0541,36.5563,11.5,4.9,mb,113,26,0.369,0.82,us,us7000jxsv,2023-07-15T22:11:07.040Z,"K. Maras, Turkey",earthquake,4.55,3.28,0.036,244,reviewed,us,us
2023-04-30T13:01:28.103Z,38.3303,37.7144,10,4.2,mb,46,56,0.903,0.79,us,us7000jx6j,2023-07-15T22:10:38.040Z,"22 km W of Akçadağ, Turkey",earthquake,2.72,1.36,0.092,33,reviewed,us,us
2023-04-29T01:55:48.680Z,38.1021,36.4431,10,4.6,mb,69,50,0.305,1.07,us,us7000jwv7,2023-07-11T01:44:52.040Z,"10 km NNW of Göksun, Turkey",earthquake,6.16,1.855,0.067,65,reviewed,us,us
2023-04-26T15:31:05.471Z,38.0104,36.4372,6,4.3,mwr,59,46,0.396,0.64,us,us7000jw1g,2023-07-11T01:44:34.040Z,"5 km WSW of Göksun, Turkey",earthquake,3.43,1.886,0.053,34,reviewed,us,us
2023-04-26T04:48:32.480Z,37.8831,36.4031,10,4.2,mb,37,43,0.306,0.61,us,us7000jvy7,2023-07-11T01:44:45.040Z,"17 km SSW of Göksun, Turkey",earthquake,3.18,1.89,0.216,6,reviewed,us,us
2023-04-25T22:14:08.550Z,38.0275,37.3069,5,4,mb,32,61,0.613,0.66,us,us7000jvwd,2023-07-11T01:44:30.040Z,"11 km ESE of Ekinözü, Turkey",earthquake,4.07,1.968,0.156,11,reviewed,us,us
2023-04-16T22:55:57.458Z,38.0743,36.7493,10,4,mb,31,54,0.422,0.57,us,us6000k4y1,2023-07-03T02:47:38.040Z,"22 km ENE of Göksun, Turkey",earthquake,2.31,1.95,0.172,9,reviewed,us,us
2023-04-15T21:51:02.286Z,37.6037,37.1654,10,4.1,mb,50,53,0.233,0.53,us,us6000k4sz,2023-06-17T21:36:57.040Z,"Central Turkey",earthquake,4.29,1.887,0.151,12,reviewed,us,us
2023-04-15T09:37:21.889Z,37.9156,36.2978,2.813,4.3,mb,31,49,0.337,0.52,us,us6000k4n3,2023-06-17T21:36:56.040Z,"",earthquake,1.71,5.938,0.126,18,reviewed,us,us
2023-04-11T08:17:42.872Z,37.897,36.4435,10,4.3,mb,40,38,0.326,1.02,us,us6000k3g6,2023-06-17T21:36:45.040Z,"14 km SSW of Göksun, Turkey",earthquake,3.47,1.908,0.217,6,reviewed,us,us
2023-04-10T22:45:09.830Z,37.4535,37.1254,15.554,4,mb,41,66,0.187,0.97,us,us6000k3dd,2023-06-17T21:36:44.040Z,"15 km WSW of Pazarcık, Turkey",earthquake,5.11,3.284,0.113,21,reviewed,us,us
2023-04-08T00:26:44.575Z,38.1056,36.8693,5.63,4.1,mb,35,56,0.466,0.48,us,us6000k2s7,2023-06-13T03:12:28.040Z,"16 km SSW of Afşin, Turkey",earthquake,2.41,8.014,0.234,5,reviewed,us,us
2023-04-03T12:44:15.375Z,38.0591,37.7701,10,4.1,mwr,34,64,0.884,0.69,us,us6000k1pg,2023-06-13T03:13:14.040Z,"",earthquake,1.89,1.87,0.071,19,reviewed,us,us
2023-04-03T10:52:56.171Z,38.013,37.7709,10,4.3,mb,54,91,0.856,1.01,us,us6000k1p0,2023-06-13T03:13:15.040Z,"11 km SW of Doğanşehir, Turkey",earthquake,4.96,1.898,0.133,16,reviewed,us,us
2023-04-03T03:45:49.031Z,37.9347,36.2862,5,4.4,mb,47,50,0.357,0.5,us,us6000k1n0,2023-06-13T03:13:18.040Z,"18 km ESE of Saimbeyli, Turkey",earthquake,2.13,1.888,0.131,17,reviewed,us,us
2023-03-29T21:44:22.024Z,37.786,36.5257,10,4.3,mb,59,52,0.251,0.65,us,us6000k0re,2023-06-03T22:06:07.040Z,"26 km S of Göksun, Turkey",earthquake,5.14,1.715,0.099,29,reviewed,us,us
2023-03-29T20:08:37.009Z,37.3405,36.8426,3.865,4.1,mb,39,70,0.171,0.74,us,us6000k0qm,2023-06-03T22:06:06.040Z,"Central Turkey",earthquake,3.81,5.831,0.174,9,reviewed,us,us
2023-03-29T16:47:02.108Z,37.9287,36.2781,3.848,4.5,mb,99,58,0.352,0.73,us,us6000k0ne,2023-06-03T22:06:06.040Z,"17 km ESE of Saimbeyli, Turkey",earthquake,3.46,4.654,0.066,68,reviewed,us,us
2023-03-28T10:55:16.146Z,37.6759,36.3106,16.767,4.3,mb,27,147,0.1,0.99,us,us6000k0a8,2023-06-03T22:06:03.040Z,"11 km NNW of Andırın, Turkey",earthquake,3.71,4.536,0.177,9,reviewed,us,us
2023-03-27T14:35:16.141Z,38.0816,36.5466,8.93,4.4,mwr,106,27,0.34,0.76,us,us7000jn0d,2023-06-03T22:06:27.040Z,"K. Maras, Turkey",earthquake,2.95,4.016,0.06,27,reviewed,us,us
2023-03-25T06:33:40.469Z,37.9067,36.189,10,4.3,mb,23,149,0.349,1.12,us,us7000jmmu,2023-05-26T21:54:19.040Z,"12 km SE of Saimbeyli, Turkey",earthquake,2.16,1.92,0.16,11,reviewed,us,us
2023-03-25T04:39:34.155Z,38.039,37.0762,10,4.5,mb,58,70,0.551,0.96,us,us7000jmme,2023-05-26T21:54:19.040Z,"10 km WSW of Ekinözü, Turkey",earthquake,5.55,1.911,0.077,51,reviewed,us,us
2023-03-24T13:10:35.229Z,37.9624,37.5237,12.756,4.4,mb,66,39,0.673,0.63,us,us7000jme6,2023-05-26T21:54:16.040Z,"7 km E of Nurhak, Turkey",earthquake,2.39,4.272,0.087,38,reviewed,us,us
2023-03-24T00:39:53.695Z,37.9593,36.3728,10,4.6,mwr,138,20,0.379,0.95,us,us7000jmay,2023-05-26T21:54:14.040Z,"K. Maras, Turkey",earthquake,4.35,1.822,0.053,34,reviewed,us,us
2023-03-23T10:04:57.411Z,38.0186,36.4699,10,4.4,mb,39,65,0.39,1.07,us,us7000jm5l,2023-05-26T21:54:14.040Z,"2 km W of Göksun, Turkey",earthquake,1.47,1.903,0.178,9,reviewed,us,us
2023-03-23T09:19:53.459Z,38.0109,36.4273,10,5.3,mww,107,21,0.396,0.97,us,us7000jm54,2023-05-26T21:54:14.040Z,"6 km W of Göksun, Turkey",earthquake,5.31,1.77,0.054,33,reviewed,us,us
2023-03-23T05:45:22.216Z,37.8867,36.6199,7.606,4.2,mwr,38,47,0.376,0.67,us,us7000jm47,2023-05-26T21:54:13.040Z,"18 km SE of Göksun, Turkey",earthquake,2.35,3.202,0.065,23,reviewed,us,us
2023-03-20T15:40:36.190Z,37.3664,36.7383,10,4,mb,42,61,0.189,1,us,us7000jlfv,2023-05-26T21:54:08.040Z,"21 km N of Nurdağı, Turkey",earthquake,1.4,1.936,0.212,6,reviewed,us,us
2023-03-20T09:57:07.933Z,38.0581,37.1965,10,4.2,mb,59,64,0.705,0.78,us,us7000jle3,2023-05-26T21:54:07.040Z,"0 km ESE of Ekinözü, Turkey",earthquake,3.09,1.818,0.118,20,reviewed,us,us
2023-03-19T12:56:45.888Z,38.0182,36.4817,9.438,4.3,mb,37,51,0.392,0.61,us,us7000jmew,2023-05-26T21:54:16.040Z,"1 km WSW of Göksun, Turkey",earthquake,1.46,5.205,0.142,14,reviewed,us,us
2023-03-19T12:54:24.814Z,38.0441,36.4908,9.74,4.3,mb,64,47,0.367,0.46,us,us7000jl95,2023-05-26T21:54:06.040Z,"",earthquake,3.77,4.345,0.091,34,reviewed,us,us
2023-03-18T09:25:31.128Z,37.8325,36.3765,2.786,4.4,mb,40,51,0.253,0.38,us,us7000jl20,2023-05-20T23:20:37.040Z,"23 km SSW of Göksun, Turkey",earthquake,3.4,5.654,0.123,20,reviewed,us,us
2023-03-18T05:14:29.880Z,38.0124,36.4342,7.446,4.6,mb,81,45,0.394,0.7,us,us7000jl0z,2023-05-20T23:20:36.040Z,"5 km W of Göksun, Turkey",earthquake,3.32,4.73,0.069,62,reviewed,us,us
2023-03-18T01:40:06.005Z,37.7982,36.6794,7.657,4.1,mb,38,44,0.341,1.21,us,us7000jl04,2023-05-20T23:20:35.040Z,"29 km SSE of Göksun, Turkey",earthquake,3.66,6.888,0.197,7,reviewed,us,us
2023-03-17T01:41:13.745Z,38.0241,36.5823,5,4.4,mb,32,41,0.404,0.81,us,us7000jkp9,2023-05-20T23:20:30.040Z,"7 km E of Göksun, Turkey",earthquake,2.86,1.807,0.19,8,reviewed,us,us
2023-03-14T14:49:49.524Z,37.7899,37.3899,10,4.6,mwr,104,28,0.482,1.01,us,us7000jjv5,2023-05-20T23:20:23.040Z,"Central Turkey",earthquake,3.3,1.82,0.069,20,reviewed,us,us
2023-03-14T06:47:34.436Z,38.0681,36.9544,3.289,4.6,mwr,68,44,0.541,0.49,us,us7000jjrw,2023-05-20T23:20:22.040Z,"20 km S of Afşin, Turkey",earthquake,2.18,4.382,0.06,27,reviewed,us,us
2023-03-12T12:31:22.559Z,37.9391,36.329,10,4.3,mb,39,77,0.359,0.48,us,us7000jjbv,2023-05-20T23:20:17.040Z,"17 km WSW of Göksun, Turkey",earthquake,2.61,1.903,0.133,16,reviewed,us,us
2023-03-10T07:58:34.775Z,37.9912,37.4971,8.969,4.1,mb,24,71,0.678,1.2,us,us7000jirp,2023-05-15T02:49:30.040Z,"5 km ENE of Nurhak, Turkey",earthquake,2.02,5.297,0.234,5,reviewed,us,us
2023-03-07T09:40:12.279Z,37.6641,36.608,8.301,4.4,mb,67,55,0.225,0.57,us,us7000jhv7,2023-05-15T02:50:20.040Z,"24 km ENE of And?r?n, Turkey",earthquake,3.85,4.734,0.086,39,reviewed,us,us
2023-03-06T13:03:25.671Z,38.197,37.2109,14.422,4,mb,30,60,0.66,0.82,us,us7000jhmg,2023-05-15T02:50:28.040Z,"1 km SE of Elbistan, Turkey",earthquake,2.72,5.095,0.298,3,reviewed,us,us
2023-03-03T02:53:43.065Z,37.8395,36.7004,7.12,5,mww,85,26,0.369,0.9,us,us7000jgyv,2023-05-08T02:00:31.040Z,"26 km SE of Göksun, Turkey",earthquake,5.78,3.331,0.059,28,reviewed,us,us
2023-03-01T16:37:59.849Z,37.2659,37.0676,9.357,4.4,mb,39,104,0.147,0.78,us,us7000jgly,2023-05-08T02:00:10.040Z,"31 km ENE of Nurda??, Turkey",earthquake,5.27,2.865,0.138,15,reviewed,us,us
2023-03-01T02:23:22.581Z,37.9019,36.8966,10,4.1,mwr,39,62,0.396,0.79,us,us7000jged,2023-05-08T02:00:02.040Z,"Central Turkey",earthquake,6.86,1.925,0.058,29,reviewed,us,us
2023-02-28T23:32:10.728Z,37.2808,37.0318,11.969,4.1,mb,25,106,0.179,0.61,us,us7000jgdf,2023-05-08T02:00:01.040Z,"29 km ENE of Nurda??, Turkey",earthquake,3.19,5.071,0.303,3,reviewed,us,us
2023-02-28T18:51:44.658Z,37.2588,36.992,13.18,4.1,mb,28,104,0.194,0.81,us,us7000jgbe,2023-05-08T01:59:58.040Z,"24 km ENE of Nurda??, Turkey",earthquake,3.42,3.809,0.212,6,reviewed,us,us
2023-02-28T14:49:17.330Z,37.9073,36.7306,10,3.9,mwr,50,48,0.423,0.88,us,us7000jg94,2023-05-08T01:59:56.040Z,"24 km ESE of Göksun, Turkey",earthquake,3.25,1.866,0.071,19,reviewed,us,us
2023-02-28T14:39:54.956Z,37.7893,36.7056,10,4.4,mwr,113,32,0.323,0.72,us,us7000jg90,2023-05-08T01:59:55.040Z,"Central Turkey",earthquake,3.63,1.841,0.056,31,reviewed,us,us
2023-02-28T12:42:16.530Z,37.4289,36.4287,13.271,4.3,mb,44,78,0.165,0.73,us,us7000jg8e,2023-05-08T01:59:54.040Z,"17 km SSE of And?r?n, Turkey",earthquake,2.48,5.12,0.133,16,reviewed,us,us
2023-02-27T06:19:48.628Z,37.9189,37.0464,8.266,4.2,mwr,99,47,0.429,0.46,us,us6000jrvk,2023-05-08T01:59:40.040Z,"19 km SW of Ekinözü, Turkey",earthquake,5.37,4.521,0.061,26,reviewed,us,us
2023-02-27T02:51:21.400Z,37.8722,37.5853,10,4.7,mwr,165,30,0.655,0.59,us,us6000jrtz,2023-05-08T01:59:38.040Z,"10 km NNW of Gölba??, Turkey",earthquake,2.07,1.752,0.052,35,reviewed,us,us
2023-02-26T04:37:41.209Z,38.0353,37.0903,10,4.3,mb,42,60,0.55,1.08,us,us6000jrn9,2023-05-08T01:59:28.040Z,"8 km WSW of Ekinözü, Turkey",earthquake,4.84,1.926,0.178,9,reviewed,us,us
2023-02-25T12:41:13.746Z,38.0367,37.067,6.703,4.4,mwr,108,49,0.547,0.41,us,us6000jrjg,2023-04-29T21:57:37.040Z,"",earthquake,2.65,3.752,0.05,39,reviewed,us,us
2023-02-25T08:58:40.076Z,38.3654,37.4414,5.166,4.1,mb,24,59,0.805,0.8,us,us6000jril,2023-04-29T21:57:37.040Z,"20 km SSW of Darende, Turkey",earthquake,2.19,5.697,0.233,5,reviewed,us,us
2023-02-23T11:41:44.935Z,38.0035,37.7419,10,4.4,mb,62,73,0.832,0.98,us,us6000jr08,2023-04-29T21:57:30.040Z,"14 km SW of Do?an?ehir, Turkey",earthquake,1.21,1.881,0.114,22,reviewed,us,us
2023-02-23T03:23:02.764Z,37.2286,37.0909,10,4,mb,27,113,0.11,0.53,us,us6000jqyd,2023-04-29T21:57:29.040Z,"31 km NW of Gaziantep, Turkey",earthquake,3.52,1.525,0.212,6,reviewed,us,us
2023-02-22T04:40:03.213Z,38.0463,36.6397,10,4,mb,41,62,0.4,0.74,us,us6000jqq1,2023-04-29T21:57:24.040Z,"12 km ENE of Göksun, Turkey",earthquake,3.46,1.891,0.15,12,reviewed,us,us
2023-02-21T11:55:52.878Z,38.0685,37.43,10.747,4.1,mb,25,71,0.702,0.3,us,us6000jqiz,2023-04-29T21:57:21.040Z,"11 km N of Nurhak, Turkey",earthquake,2.27,5.936,0.174,9,reviewed,us,us
2023-02-21T10:09:38.143Z,37.4411,37.2074,16.582,4.2,mb,32,84,0.253,0.68,us,us6000jqim,2023-04-29T21:57:21.040Z,"Central Turkey",earthquake,5.03,4.845,0.215,6,reviewed,us,us
2023-02-20T23:21:14.407Z,38.0175,37.3695,10,4.3,mwr,114,28,0.632,0.63,us,us6000jqft,2023-04-29T21:57:18.040Z,"8 km NW of Nurhak, Turkey",earthquake,3.78,1.833,0.062,25,reviewed,us,us
2023-02-20T01:49:00.120Z,38.0024,36.7996,6.718,4.3,mwr,103,35,0.503,0.89,us,us6000jq7l,2023-04-29T21:57:15.040Z,"26 km E of Göksun, Turkey",earthquake,5.48,3.681,0.048,42,reviewed,us,us
2023-02-19T21:30:30.167Z,37.3725,36.8705,10,3.9,mwr,47,65,0.135,0.66,us,us6000jq69,2023-04-29T21:57:14.040Z,"24 km SSW of Kahramanmara?, Turkey",earthquake,2.49,1.901,0.058,29,reviewed,us,us
2023-02-19T04:07:41.230Z,37.3021,36.8869,11.749,4.3,mwr,66,63,0.203,0.73,us,us6000jq1g,2023-04-29T21:57:11.040Z,"19 km NE of Nurda??, Turkey",earthquake,5.39,2.78,0.049,40,reviewed,us,us
2023-02-19T04:06:17.623Z,37.2737,36.8291,10,4.2,mb,29,106,0.238,0.63,us,us6000jq1h,2023-04-29T21:57:11.040Z,"14 km NE of Nurda??, Turkey",earthquake,5.11,1.421,0.186,8,reviewed,us,us
2023-02-19T00:56:11.610Z,38.0406,36.2306,6.431,4.3,mwr,69,30,0.395,0.69,us,us6000jq0m,2023-04-29T21:57:10.040Z,"13 km ENE of Saimbeyli, Turkey",earthquake,2.64,4.628,0.052,35,reviewed,us,us
2023-02-18T19:31:31.742Z,38.0696,36.5991,12.158,5,mww,122,33,0.366,0.59,us,us6000jpyq,2023-04-22T21:33:20.040Z,"10 km ENE of Göksun, Turkey",earthquake,3.37,2.577,0.058,29,reviewed,us,us
2023-02-18T05:26:04.931Z,38.073,37.1651,5.16,4,mwr,38,62,0.604,0.79,us,us6000jpun,2023-04-22T21:33:18.040Z,"2 km NW of Ekinözü, Turkey",earthquake,2.63,4.886,0.06,27,reviewed,us,us
2023-02-17T14:58:56.344Z,37.9375,36.3279,6.44,4.4,mwr,60,52,0.357,0.53,us,us6000jpnr,2023-04-22T21:33:16.040Z,"17 km WSW of Göksun, Turkey",earthquake,2.27,4.177,0.063,24,reviewed,us,us
2023-02-16T16:38:32.250Z,37.9197,37.5097,10,4.1,mb,35,83,0.636,0.58,us,us6000jpee,2023-04-22T21:33:14.040Z,"7 km SE of Nurhak, Turkey",earthquake,2.11,1.922,0.302,3,reviewed,us,us
2023-02-15T23:43:38.793Z,37.3595,36.8701,13.697,3.9,mb,27,106,0.329,0.52,us,us6000jp9e,2023-04-22T21:33:12.040Z,"24 km NNE of Nurda??, Turkey",earthquake,3.56,6.035,0.171,9,reviewed,us,us
2023-02-15T22:25:57.731Z,38.0487,36.6395,6.273,4.2,mb,54,38,0.398,0.49,us,us6000jp8t,2023-04-22T21:33:11.040Z,"12 km ENE of Göksun, Turkey",earthquake,3.4,4.737,0.098,29,reviewed,us,us
2023-02-15T07:36:29.833Z,38.0187,36.4651,5.224,4.4,mwr,60,33,0.39,0.67,us,us6000jp25,2023-04-22T21:33:10.040Z,"2 km W of Göksun, Turkey",earthquake,3.4,4.465,0.051,37,reviewed,us,us
2023-02-15T06:25:30.679Z,38.0945,36.7069,10,4.3,mb,66,48,0.386,0.7,us,us6000jp1e,2023-04-22T21:33:09.040Z,"Central Turkey",earthquake,5.08,1.881,0.106,25,reviewed,us,us
2023-02-14T15:50:37.803Z,38.0849,37.166,0.343,4.4,mb,52,54,0.671,0.92,us,us6000jnxk,2023-04-22T21:33:08.040Z,"3 km NW of Ekinözü, Turkey",earthquake,1.55,5.092,0.111,23,reviewed,us,us
2023-02-13T19:20:27.970Z,38.0051,36.42,7.437,4.6,mwr,100,40,0.958,0.89,us,us6000jnmc,2023-04-22T21:33:06.040Z,"Central Turkey",earthquake,4,3.363,0.063,24,reviewed,us,us
2023-02-13T15:15:05.178Z,37.8703,36.2865,10,4.2,mb,46,37,0.293,0.63,us,us6000jnlc,2023-04-22T21:33:05.040Z,"21 km SE of Saimbeyli, Turkey",earthquake,2.25,1.789,0.186,8,reviewed,us,us
2023-02-12T22:52:59.819Z,38.0251,36.6342,10,4.3,mwr,84,55,1.031,0.57,us,us6000jni7,2023-04-22T21:33:04.040Z,"12 km E of Göksun, Turkey",earthquake,4.11,1.83,0.056,31,reviewed,us,us
2023-02-12T19:02:29.312Z,37.2623,37.0849,10,4.3,mb,72,75,0.134,0.66,us,us6000jnh5,2023-04-22T21:33:03.040Z,"31 km SW of Pazarc?k, Turkey",earthquake,4.84,1.892,0.095,31,reviewed,us,us
2023-02-12T18:33:14.268Z,37.3429,36.9989,9.339,4.7,mwr,111,35,0.18,0.7,us,us6000jnh1,2023-04-22T21:33:03.040Z,"27 km SSE of Kahramanmara?, Turkey",earthquake,4.57,3.738,0.071,19,reviewed,us,us
2023-02-12T17:28:17.826Z,38.083,36.6197,10,4.1,mb,33,54,0.36,0.88,us,us6000jngq,2023-04-22T21:33:03.040Z,"12 km ENE of Göksun, Turkey",earthquake,2.25,1.896,0.185,8,reviewed,us,us
2023-02-12T14:30:03.956Z,37.8149,36.7003,10,4.4,mb,32,50,0.347,1.17,us,us6000jng3,2023-04-22T21:33:02.040Z,"29 km SE of Göksun, Turkey",earthquake,5.99,1.913,0.109,24,reviewed,us,us
2023-02-12T08:14:10.398Z,38.0797,37.3193,7.67,4.4,mb,36,62,0.663,0.47,us,us6000jqbp,2023-04-22T21:33:21.040Z,"11 km E of Ekinözü, Turkey",earthquake,3.13,2.103,0.12,20,reviewed,us,us
2023-02-12T04:52:59.139Z,37.9055,37.4792,10,4.1,mb,40,83,0.609,1.14,us,us6000jndz,2023-04-22T21:33:01.040Z,"7 km SSE of Nurhak, Turkey",earthquake,3.43,1.573,0.151,12,reviewed,us,us
2023-02-11T23:30:56.494Z,38.0249,36.4218,10,4.1,mb,83,33,0.382,0.64,us,us6000jncu,2023-04-15T21:39:59.040Z,"6 km W of Göksun, Turkey",earthquake,3.57,1.861,0.084,39,reviewed,us,us
2023-02-11T14:38:03.890Z,37.9428,36.5034,10,4.4,mb,37,55,0.383,0.65,us,us6000jnay,2023-04-15T21:39:58.040Z,"8 km S of Göksun, Turkey",earthquake,4.14,1.408,0.107,25,reviewed,us,us
2023-02-11T12:54:58.944Z,38.0902,36.6163,8.66,4.1,mb,33,44,0.353,0.55,us,us6000jnaq,2023-04-15T21:39:57.040Z,"12 km NE of Göksun, Turkey",earthquake,2.07,7.539,0.214,6,reviewed,us,us
2023-02-11T11:59:53.865Z,37.8492,36.67,8.739,4.2,mb,28,49,0.372,0.45,us,us6000jpp7,2023-04-15T21:40:13.040Z,"24 km SE of Göksun, Turkey",earthquake,3.08,3.86,0.146,13,reviewed,us,us
2023-02-11T11:05:17.347Z,38.1233,36.6274,13.853,4.3,mb,58,48,0.328,0.38,us,us6000jnai,2023-04-15T21:39:57.040Z,"16 km NE of Göksun, Turkey",earthquake,4.21,3.683,0.101,28,reviewed,us,us
2023-02-11T06:28:13.163Z,38.0647,36.5778,8.106,4.6,mb,32,75,0.364,0.53,us,us6000jn97,2023-04-15T21:39:57.040Z,"8 km NE of Göksun, Turkey",earthquake,2.67,5.35,0.173,10,reviewed,us,us
2023-02-11T04:47:04.418Z,37.8165,36.5708,10,4.3,mb,60,49,0.296,0.85,us,us6000jn8d,2023-04-15T21:39:57.040Z,"Central Turkey",earthquake,3.43,1.877,0.114,22,reviewed,us,us
2023-02-10T17:00:51.366Z,37.8868,36.2951,2.087,4.7,mwr,128,34,0.309,0.72,us,us6000jn4r,2023-04-15T21:39:55.040Z,"21 km ESE of Saimbeyli, Turkey",earthquake,2.68,3.738,0.061,26,reviewed,us,us
2023-02-10T01:50:59.593Z,37.8685,36.631,5.225,4.3,mwr,69,40,0.367,0.75,us,us6000jmzj,2023-04-15T21:39:52.040Z,"20 km SE of Göksun, Turkey",earthquake,3.67,3.789,0.06,27,reviewed,us,us
2023-02-09T19:37:46.503Z,38.0264,36.6096,10,4.1,mb,22,81,0.409,1.16,us,us6000jpku,2023-04-15T21:40:11.040Z,"9 km E of Göksun, Turkey",earthquake,3.12,1.925,0.524,1,reviewed,us,us
2023-02-09T17:51:52.392Z,38.0746,36.5194,10,4,mb,31,51,0.341,1.39,us,us6000jpkn,2023-04-15T21:40:11.040Z,"6 km NNE of Göksun, Turkey",earthquake,2.63,1.83,0.212,6,reviewed,us,us
2023-02-09T12:22:05.037Z,37.9544,37.7834,10,4.1,mb,22,80,0.832,0.63,us,us6000jpkf,2023-04-15T21:40:11.040Z,"16 km SSW of Do?an?ehir, Turkey",earthquake,3.1,1.664,0.369,2,reviewed,us,us
2023-02-09T11:48:32.158Z,37.9921,37.7044,10,4.3,mb,35,65,0.802,1.02,us,us6000jmq7,2023-04-15T21:39:51.040Z,"17 km SW of Do?an?ehir, Turkey",earthquake,1.82,1.884,0.307,3,reviewed,us,us
2023-02-09T10:42:24.454Z,37.2659,36.9198,11.669,4.3,mb,40,84,0.239,0.86,us,us6000jmpu,2023-04-15T21:39:50.040Z,"19 km ENE of Nurda??, Turkey",earthquake,2.02,5.143,0.217,6,reviewed,us,us
2023-02-09T07:57:06.462Z,38.0799,36.5452,8.987,4.2,mb,24,109,0.342,0.45,us,us6000jpk6,2023-04-15T21:40:11.040Z,"Central Turkey",earthquake,2.27,1.238,0.215,6,reviewed,us,us
2023-02-09T07:42:08.070Z,37.995,36.5954,6.994,4.3,mb,49,36,0.435,0.57,us,us6000jmnx,2023-04-15T21:39:50.040Z,"9 km ESE of Göksun, Turkey",earthquake,2.15,4.55,0.126,19,reviewed,us,us
2023-02-09T06:49:51.214Z,37.8752,37.6589,14.944,4.1,mb,43,45,0.706,0.65,us,us6000jpk4,2023-04-15T21:40:11.040Z,"",earthquake,4.18,1.411,0.14,19,reviewed,us,us
2023-02-09T05:24:26.530Z,38.0679,36.6086,8.594,4.4,mb,37,50,0.371,0.52,us,us6000jpjz,2023-04-15T21:40:11.040Z,"11 km ENE of Göksun, Turkey",earthquake,3.33,5.563,0.178,9,reviewed,us,us
2023-02-09T04:18:20.615Z,37.9616,36.3641,10,4.3,mb,35,52,0.381,0.66,us,us6000jpjv,2023-04-15T21:40:10.040Z,"13 km WSW of Göksun, Turkey",earthquake,2.46,1.643,0.266,4,reviewed,us,us
2023-02-09T01:44:19.249Z,37.8831,37.7147,8.154,4.5,mb,59,84,0.815,0.83,us,us6000jmma,2023-04-15T21:39:49.040Z,"13 km NNE of Gölba??, Turkey",earthquake,4.23,3.919,0.118,21,reviewed,us,us
2023-02-08T19:05:19.712Z,38.0531,36.5409,10,4.5,mb,32,40,0.366,1.04,us,us6000jmk0,2023-04-15T21:39:48.040Z,"5 km NE of Göksun, Turkey",earthquake,3.57,1.883,0.27,4,reviewed,us,us
2023-02-08T18:35:12.129Z,37.5096,37.116,10,4.4,mb,30,66,0.172,0.78,us,us6000jpcx,2023-04-15T21:40:09.040Z,"16 km W of Pazarc?k, Turkey",earthquake,2.31,1.925,0.203,7,reviewed,us,us
2023-02-08T16:55:40.516Z,38.0244,37.1589,10,4.4,mb,53,53,0.557,0.88,us,us6000jmja,2023-04-15T21:39:48.040Z,"4 km SSW of Ekinözü, Turkey",earthquake,2.5,1.858,0.114,22,reviewed,us,us
2023-02-08T15:49:58.075Z,37.8218,36.5994,1.576,4.3,mwr,61,47,0.314,0.69,us,us6000jmj3,2023-04-15T21:39:48.040Z,"Central Turkey",earthquake,5.18,3.471,0.069,20,reviewed,us,us
2023-02-08T15:04:43.256Z,38.0391,36.953,10,4.3,mb,62,45,0.535,0.74,us,us6000jmhk,2023-04-15T21:39:48.040Z,"Central Turkey",earthquake,3.09,0.971,0.1,28,reviewed,us,us
2023-02-08T14:42:21.367Z,38.0953,36.6525,11.674,4.4,mb,96,36,0.362,0.59,us,us6000jmhg,2023-04-15T21:39:48.040Z,"15 km ENE of Göksun, Turkey",earthquake,3.14,4.428,0.087,38,reviewed,us,us
2023-02-08T14:20:24.960Z,37.9963,37.4325,5.398,5.1,mww,188,55,0.647,0.55,us,us6000jmh3,2023-04-15T21:39:47.040Z,"3 km N of Nurhak, Turkey",earthquake,3.81,3.653,0.083,14,reviewed,us,us
2023-02-08T11:37:21.861Z,38.0802,36.8835,10,4,mb,24,76,0.491,0.64,us,us6000jpdb,2023-04-15T21:40:10.040Z,"18 km S of Af?in, Turkey",earthquake,2.73,1.974,0.232,5,reviewed,us,us
2023-02-08T11:24:00.758Z,37.9367,37.6179,3.53,4.5,mwr,79,79,0.714,0.72,us,us6000jmgg,2023-04-15T21:39:47.040Z,"Central Turkey",earthquake,4.88,4.816,0.08,15,reviewed,us,us
2023-02-08T11:11:52.969Z,37.9389,37.6611,9.559,5.4,mww,155,44,0.743,0.66,us,us6000jmgf,2023-04-15T21:39:47.040Z,"17 km N of Gölba??, Turkey",earthquake,4.63,3.921,0.05,39,reviewed,us,us
2023-02-08T11:00:19.726Z,38.0268,37.7704,10,4.1,mwr,33,82,0.864,0.8,us,us6000jmge,2023-04-15T21:39:47.040Z,"11 km SW of Do?an?ehir, Turkey",earthquake,4.67,1.961,0.08,15,reviewed,us,us
2023-02-08T09:52:11.967Z,38.0337,36.5009,10,4.4,mb,49,51,0.379,0.62,us,us6000jpcs,2023-04-15T21:40:09.040Z,"1 km NNE of Göksun, Turkey",earthquake,2.46,1.698,0.123,19,reviewed,us,us
2023-02-08T08:45:36.239Z,37.8795,37.7666,12.886,4.1,mwr,36,70,0.782,0.92,us,us6000jmg5,2023-04-15T21:39:47.040Z,"15 km NE of Gölba??, Turkey",earthquake,3.43,4.642,0.093,11,reviewed,us,us
2023-02-08T07:48:31.978Z,38.0061,36.4959,10,5,mww,102,27,0.405,0.99,us,us6000jmg1,2023-04-15T21:39:46.040Z,"1 km S of Göksun, Turkey",earthquake,4.37,1.782,0.054,33,reviewed,us,us
2023-02-08T05:52:37.157Z,38.0593,36.7087,10,4.2,mwr,61,46,0.416,1.29,us,us6000jmfk,2023-04-15T21:39:46.040Z,"19 km ENE of Göksun, Turkey",earthquake,3.18,1.028,0.071,19,reviewed,us,us
2023-02-08T00:11:55.118Z,38.0835,37.1939,14.197,4.1,mb,33,63,0.622,0.44,us,us6000jme5,2023-04-15T21:39:45.040Z,"2 km NNE of Ekinözü, Turkey",earthquake,4.06,5.32,0.174,9,reviewed,us,us
2023-02-07T22:45:27.921Z,38.0992,36.5507,6.069,4.2,mb,51,37,0.325,1.21,us,us6000jp4y,2023-04-15T21:40:07.040Z,"9 km NNE of Göksun, Turkey",earthquake,3.51,6.818,0.146,13,reviewed,us,us
2023-02-07T22:07:54.879Z,38.0663,36.5541,12.635,4.2,mb,56,45,0.357,0.58,us,us6000jp4v,2023-04-15T21:40:07.040Z,"Central Turkey",earthquake,3.17,4.898,0.118,20,reviewed,us,us
2023-02-07T21:58:54.224Z,37.4201,36.9564,12.635,4.1,mb,20,90,0.096,0.73,us,us6000jp4u,2023-04-15T21:40:07.040Z,"",earthquake,3.88,3.357,0.302,3,reviewed,us,us
2023-02-07T21:21:25.723Z,37.904,37.4957,3.541,4.7,mww,136,45,0.618,0.68,us,us6000jmc7,2023-04-15T21:39:45.040Z,"Central Turkey",earthquake,5.34,3.849,0.075,17,reviewed,us,us
2023-02-07T19:13:49.620Z,38.0472,36.9204,13,4.4,mwr,96,42,0.535,0.72,us,us6000jmbj,2023-04-15T21:39:45.040Z,"Central Turkey",earthquake,3.78,1.727,0.06,27,reviewed,us,us
2023-02-07T18:09:59.860Z,37.9358,36.6013,17.857,5.3,mww,165,26,0.409,0.61,us,us6000jmat,2023-04-15T21:39:45.040Z,"Central Turkey",earthquake,4.64,2.021,0.093,11,reviewed,us,us
2023-02-07T17:53:50.882Z,38.0002,36.4438,8.524,4.2,mb,71,35,0.407,0.68,us,us6000jp4m,2023-04-15T21:40:07.040Z,"5 km WSW of Göksun, Turkey",earthquake,3.2,4.683,0.098,34,reviewed,us,us
2023-02-07T17:38:00.327Z,37.8896,37.6276,16.287,4.2,mb,32,102,0.79,0.97,us,us6000jmar,2023-04-15T21:39:44.040Z,"Central Turkey",earthquake,3.95,4.841,0.141,15,reviewed,us,us
2023-02-07T16:54:31.685Z,37.9421,37.323,17.033,4.1,mb,26,74,0.55,1.18,us,us6000jp57,2023-04-15T21:40:07.040Z,"10 km WSW of Nurhak, Turkey",earthquake,2.92,4.662,0.234,5,reviewed,us,us
2023-02-07T15:48:54.123Z,37.9939,36.4771,11.132,5,mww,138,22,0.415,0.61,us,us6000jm96,2023-04-15T21:39:44.040Z,"3 km SSW of Göksun, Turkey",earthquake,5.2,3.312,0.062,25,reviewed,us,us
2023-02-07T15:31:28.295Z,37.3758,37.1447,10,4.7,mwr,126,34,0.21,0.64,us,us6000jm95,2023-04-15T21:39:44.040Z,"18 km SW of Pazarc?k, Turkey",earthquake,5.54,1.867,0.063,24,reviewed,us,us
2023-02-07T14:23:17.029Z,38.0426,36.5803,10,4.4,mb,53,41,0.386,0.8,us,us6000jp4j,2023-04-15T21:40:07.040Z,"7 km ENE of Göksun, Turkey",earthquake,1.86,1.872,0.13,17,reviewed,us,us
2023-02-07T11:01:11.695Z,37.9808,37.6619,3.759,4.4,mb,97,51,0.768,0.47,us,us6000jp4b,2023-04-15T21:40:07.040Z,"19 km E of Nurhak, Turkey",earthquake,4.92,3.872,0.069,62,reviewed,us,us
2023-02-07T10:57:45.760Z,37.8906,36.6707,10,4.1,mwr,65,44,0.403,0.71,us,us6000jp48,2023-04-15T21:40:07.040Z,"21 km SE of Göksun, Turkey",earthquake,3.49,1.86,0.089,12,reviewed,us,us
2023-02-07T10:56:29.905Z,37.8696,36.6642,8.656,4.5,mb,68,68,0.384,0.7,us,us6000jm7k,2023-04-15T21:39:43.040Z,"Central Turkey",earthquake,6.72,5.002,0.083,44,reviewed,us,us
2023-02-07T10:07:18.238Z,37.5226,37.1468,10.944,4.2,mb,65,47,0.197,0.49,us,us6000jp54,2023-04-15T21:40:07.040Z,"14 km WNW of Pazarc?k, Turkey",earthquake,5.6,3.328,0.082,43,reviewed,us,us
2023-02-07T09:53:31.468Z,38.1471,36.3693,20.355,4.2,mb,45,53,0.263,0.43,us,us6000jp42,2023-04-15T21:40:06.040Z,"17 km NW of Göksun, Turkey",earthquake,3.73,1.655,0.118,22,reviewed,us,us
2023-02-07T08:25:46.610Z,37.8817,37.528,10,4.2,mwr,63,56,0.624,0.78,us,us6000jm71,2023-04-15T21:39:43.040Z,"11 km SE of Nurhak, Turkey",earthquake,5.01,1.877,0.083,14,reviewed,us,us
2023-02-07T07:26:36.313Z,38.0311,37.5813,16.18,4.4,mb,66,65,0.753,1.05,us,us6000jm6v,2023-04-15T21:39:43.040Z,"",earthquake,2.98,4.552,0.127,18,reviewed,us,us
2023-02-07T06:48:51.697Z,38.3144,37.5808,5.787,4.5,mwr,79,39,0.919,0.64,us,us6000jm6b,2023-04-15T21:39:42.040Z,"26 km SSE of Darende, Turkey",earthquake,3.17,4.163,0.069,20,reviewed,us,us
2023-02-07T06:40:53.780Z,38.0342,36.455,6.359,4.5,mwr,55,44,0.374,0.49,us,us6000jm69,2023-04-15T21:39:42.040Z,"3 km WNW of Göksun, Turkey",earthquake,3.12,5.179,0.068,21,reviewed,us,us
2023-02-07T06:26:11.987Z,37.3357,36.8762,7.505,4.2,mb,23,150,0.17,0.4,us,us6000jp3v,2023-04-15T21:40:06.040Z,"22 km NE of Nurda??, Turkey",earthquake,2.38,5.007,0.187,8,reviewed,us,us
2023-02-07T04:16:42.272Z,37.9036,37.4321,10,3.9,mb,32,81,0.58,0.73,us,us6000jm5s,2023-04-15T21:39:31.040Z,"6 km S of Nurhak, Turkey",earthquake,2.99,1.918,0.209,6,reviewed,us,us
2023-02-07T04:07:57.801Z,37.7181,37.4217,10,4.1,mb,24,87,0.466,0.62,us,us6000jp3l,2023-04-15T21:40:06.040Z,"Kahramanmaras Earthquake Sequence",earthquake,3.36,1.483,0.214,6,reviewed,us,us
2023-02-07T03:58:56.236Z,37.507,37.227,10,4.2,mwr,37,89,0.26,0.77,us,us6000jp3k,2023-04-15T21:40:06.040Z,"6 km WNW of Pazarc?k, Turkey",earthquake,4.34,1.836,0.069,20,reviewed,us,us
2023-02-07T03:30:01.492Z,37.748,37.6323,10,4.3,mb,54,78,0.63,1.04,us,us6000jp3x,2023-04-15T21:40:06.040Z,"3 km S of Gölba??, Turkey",earthquake,1.3,1.913,0.147,13,reviewed,us,us
2023-02-07T03:16:16.365Z,37.6089,37.3755,10,4.6,mb,42,99,0.392,0.56,us,us6000jp3y,2023-04-15T21:40:06.040Z,"15 km NNE of Pazarc?k, Turkey",earthquake,1.51,1.946,0.122,20,reviewed,us,us
2023-02-07T03:13:12.754Z,37.7639,37.7309,10,5.5,mww,136,45,0.722,0.58,us,us6000jm5e,2023-04-15T21:39:42.040Z,"8 km ESE of Gölba??, Turkey",earthquake,5.01,1.719,0.062,25,reviewed,us,us
2023-02-07T03:08:57.248Z,37.917,37.6406,10,4.8,mwr,102,55,0.717,0.73,us,us6000jm5c,2023-04-18T21:46:04.040Z,"14 km N of Gölba??, Turkey",earthquake,4.88,1.854,0.057,30,reviewed,us,us
2023-02-07T03:02:54.008Z,37.3373,37.1197,10,4.3,mb,24,76,0.18,0.65,us,us6000jm5a,2023-04-15T21:39:42.040Z,"23 km SW of Pazarc?k, Turkey",earthquake,3.71,1.643,0.178,9,reviewed,us,us
2023-02-07T02:53:29.007Z,38.0387,36.5733,10,4.4,mb,63,48,0.388,0.38,us,us6000jm57,2023-04-15T21:39:42.040Z,"6 km ENE of Göksun, Turkey",earthquake,3.61,1.861,0.12,20,reviewed,us,us
2023-02-07T02:43:27.973Z,38.1044,36.9078,10,4.4,mb,41,45,0.961,0.75,us,us6000jm54,2023-04-15T21:39:42.040Z,"15 km S of Af?in, Turkey",earthquake,2.64,1.885,0.134,16,reviewed,us,us
2023-02-07T02:28:20.753Z,38.0265,37.5093,10,4.1,mb,30,118,0.71,0.8,us,us6000jp53,2023-04-15T21:40:07.040Z,"9 km NE of Nurhak, Turkey",earthquake,3.75,1.925,0.214,6,reviewed,us,us
2023-02-07T01:34:29.191Z,37.4326,37.0521,10,4.4,mb,46,111,0.141,0.76,us,us6000jm4x,2023-04-15T21:39:41.040Z,"20 km SSE of Kahramanmara?, Turkey",earthquake,5.7,1.928,0.123,19,reviewed,us,us
2023-02-07T01:32:00.826Z,38.0152,36.5543,10,4.4,mb,31,56,0.406,0.55,us,us6000jp3g,2023-04-15T21:40:06.040Z,"5 km E of Göksun, Turkey",earthquake,3.9,1.9,0.169,10,reviewed,us,us
2023-02-07T01:29:18.918Z,38.0903,36.7693,10,4.2,mb,62,36,0.42,0.78,us,us6000jm4r,2023-04-15T21:39:41.040Z,"21 km SW of Af?in, Turkey",earthquake,2.41,1.897,0.121,19,reviewed,us,us
2023-02-07T01:18:07.375Z,38.0195,36.4624,10,4.3,mb,23,66,0.389,0.89,us,us6000jp3f,2023-04-15T21:40:06.040Z,"3 km W of Göksun, Turkey",earthquake,1.3,1.928,0.201,7,reviewed,us,us
2023-02-07T00:20:16.237Z,37.8431,36.6148,10,4.2,mb,53,34,0.339,0.74,us,us6000jp3d,2023-04-15T21:40:06.040Z,"22 km SSE of Göksun, Turkey",earthquake,3.52,1.635,0.112,22,reviewed,us,us
2023-02-06T23:13:30.166Z,37.9846,37.404,10,4.2,mwr,40,68,0.623,0.76,us,us6000jnv4,2023-04-15T21:40:04.040Z,"3 km NW of Nurhak, Turkey",earthquake,2.47,1.001,0.08,15,reviewed,us,us
2023-02-06T22:55:27.276Z,37.9341,36.6247,11.221,4,mb,33,74,0.417,0.67,us,us6000jnv2,2023-04-15T21:40:04.040Z,"14 km SE of Göksun, Turkey",earthquake,2.31,5.325,0.15,12,reviewed,us,us
2023-02-06T22:44:54.848Z,38.0613,36.5637,13.174,4.2,mb,26,75,0.364,0.42,us,us6000jnv1,2023-04-15T21:40:04.040Z,"7 km NE of Göksun, Turkey",earthquake,2.3,1.306,0.199,7,reviewed,us,us
2023-02-06T22:29:39.343Z,38.0473,36.4145,6.86,4.1,mwr,100,28,0.359,0.51,us,us6000jm3n,2023-04-15T21:39:41.040Z,"7 km WNW of Göksun, Turkey",earthquake,3.52,4.506,0.083,14,reviewed,us,us
2023-02-06T22:26:17.724Z,37.9513,37.4756,5.481,4.2,mwr,62,68,0.638,0.73,us,us6000jm3l,2023-04-15T21:39:41.040Z,"3 km ESE of Nurhak, Turkey",earthquake,5.14,4.613,0.073,18,reviewed,us,us
2023-02-06T22:09:51.889Z,38.0814,36.8993,10.236,4.1,mb,33,67,0.499,0.67,us,us6000jnuw,2023-04-15T21:40:04.040Z,"18 km S of Af?in, Turkey",earthquake,2.75,6.787,0.165,10,reviewed,us,us
2023-02-06T21:57:43.529Z,38.032,36.5882,9.855,4.7,mwr,166,27,0.398,0.58,us,us6000jm3c,2023-04-15T21:39:40.040Z,"8 km E of Göksun, Turkey",earthquake,5.55,1.946,0.053,34,reviewed,us,us
2023-02-06T21:15:18.245Z,38.072,37.034,10.235,4.9,mwr,135,47,0.589,0.66,us,us6000jm30,2023-04-15T21:39:40.040Z,"13 km W of Ekinözü, Turkey",earthquake,4.77,3.056,0.052,35,reviewed,us,us
2023-02-06T20:54:01.125Z,37.9263,36.4655,10,4.4,mb,28,62,0.359,1.12,us,us6000jnvx,2023-04-15T21:40:05.040Z,"Central Turkey",earthquake,3.07,1.916,0.17,11,reviewed,us,us
2023-02-06T20:44:00.230Z,38.0063,36.5773,10,4.8,mwr,93,30,0.419,0.67,us,us6000jm2t,2023-04-15T21:39:40.040Z,"Central Turkey",earthquake,2.29,1.795,0.063,24,reviewed,us,us
2023-02-06T20:37:51.879Z,37.2507,37.0859,10,5.3,mww,137,34,0.126,0.76,us,us6000jm2r,2023-04-15T21:39:40.040Z,"32 km SW of Pazarc?k, Turkey",earthquake,2.81,1.754,0.071,19,reviewed,us,us
2023-02-06T20:14:11.184Z,37.9649,36.479,6.59,4.3,mb,55,46,0.399,0.73,us,us6000jm2k,2023-04-15T21:39:40.040Z,"6 km SSW of Göksun, Turkey",earthquake,4.35,3.494,0.111,23,reviewed,us,us
2023-02-06T20:11:49.233Z,37.8934,37.6383,14.754,4.3,mb,45,90,0.702,0.9,us,us6000jnuq,2023-04-15T21:40:03.040Z,"Central Turkey",earthquake,4.9,5.204,0.177,9,reviewed,us,us
2023-02-06T20:05:35.045Z,38.0339,36.3096,10,4.8,mwr,91,35,0.382,0.83,us,us6000jm29,2023-04-15T21:39:40.040Z,"Adana, Turkey",earthquake,4.33,1.81,0.06,27,reviewed,us,us
2023-02-06T19:49:40.242Z,38.0947,36.6422,10,4.2,mwr,56,31,0.358,0.61,us,us6000jm28,2023-04-15T21:39:40.040Z,"",earthquake,2.92,1.912,0.069,20,reviewed,us,us
2023-02-06T19:35:50.641Z,37.4801,37.1528,10,4.2,mwr,69,49,0.311,0.69,us,us6000jm21,2023-04-15T21:39:40.040Z,"13 km W of Pazarc?k, Turkey",earthquake,5.61,1.837,0.068,21,reviewed,us,us
2023-02-06T19:30:59.475Z,38.0086,37.2784,10,4.4,mb,70,80,0.786,0.68,us,us6000jm1z,2023-04-15T21:39:40.040Z,"9 km SE of Ekinözü, Turkey",earthquake,5.66,1.79,0.092,34,reviewed,us,us
2023-02-06T19:25:01.538Z,37.8505,36.6645,10,4.5,mb,36,44,0.37,0.8,us,us6000jnuz,2023-04-15T21:40:04.040Z,"23 km SE of Göksun, Turkey",earthquake,4.6,1.422,0.156,12,reviewed,us,us
2023-02-06T19:15:47.865Z,37.989,36.3922,10,4.2,mwr,49,36,0.41,1.09,us,us6000jm1w,2023-04-15T21:39:39.040Z,"Central Turkey",earthquake,2.19,1.88,0.065,23,reviewed,us,us
2023-02-06T19:12:31.181Z,38.0322,37.3231,10,4.1,mb,34,70,0.805,0.71,us,us6000jnuy,2023-04-15T21:40:04.040Z,"12 km ESE of Ekinözü, Turkey",earthquake,3.37,1.658,0.197,7,reviewed,us,us
2023-02-06T18:03:53.807Z,37.9781,36.4456,10,5.2,mww,119,20,0.405,0.76,us,us6000jm1p,2023-04-15T21:39:39.040Z,"",earthquake,4.96,1.324,0.098,10,reviewed,us,us
2023-02-06T18:02:44.660Z,38.1022,36.5286,10,4.4,mb,59,46,0.317,0.77,us,us6000jm1n,2023-04-15T21:39:39.040Z,"9 km NNE of Göksun, Turkey",earthquake,5.14,1.893,0.098,30,reviewed,us,us
2023-02-06T17:26:24.481Z,38.097,36.696,10,4.5,mwr,99,33,0.379,0.85,us,us6000jlwh,2023-04-15T21:39:39.040Z,"19 km ENE of Göksun, Turkey",earthquake,4.12,1.799,0.06,27,reviewed,us,us
2023-02-06T17:22:02.040Z,38.1262,36.5145,10,4.1,mb,40,65,0.291,1.14,us,us6000jlww,2023-04-15T21:39:39.040Z,"11 km N of Göksun, Turkey",earthquake,3.98,1.821,0.135,15,reviewed,us,us
2023-02-06T17:11:47.921Z,37.961,37.3379,10,4.3,mwr,54,60,0.794,0.76,us,us6000jlu3,2023-04-15T21:39:39.040Z,"9 km W of Nurhak, Turkey",earthquake,1.65,1.903,0.075,17,reviewed,us,us
2023-02-06T16:55:35.783Z,38.0112,37.4148,9.152,4.5,mb,110,56,0.853,0.57,us,us6000jlth,2023-04-15T21:39:39.040Z,"5 km NNW of Nurhak, Turkey",earthquake,3.83,4.113,0.073,55,reviewed,us,us
2023-02-06T16:43:28.541Z,38.0007,36.5078,10,5,mwr,128,33,0.412,0.88,us,us6000jlta,2023-04-15T21:39:39.040Z,"2 km SSE of Göksun, Turkey",earthquake,2.97,1.831,0.073,18,reviewed,us,us
2023-02-06T16:28:08.698Z,37.4633,36.981,5.178,4.7,mb,57,66,0.343,0.92,us,us6000jnu7,2023-04-15T21:40:03.040Z,"14 km SSE of Kahramanmara?, Turkey",earthquake,5.05,4.494,0.096,33,reviewed,us,us
2023-02-06T16:27:19.276Z,38.0468,36.4364,10,4.7,mwr,34,82,0.36,0.82,us,us6000jnwy,2023-04-15T21:40:06.040Z,"6 km WNW of Göksun, Turkey",earthquake,2.34,1.922,0.093,11,reviewed,us,us
2023-02-06T16:26:39.507Z,38.0385,36.5982,10,4.8,mb,104,28,0.394,0.65,us,us6000jlt1,2023-04-15T21:39:39.040Z,"9 km ENE of Göksun, Turkey",earthquake,5.02,1.832,0.054,107,reviewed,us,us
2023-02-06T16:26:15.464Z,37.9826,36.8994,10,4.6,mb,122,44,0.569,0.58,us,us6000jlt5,2023-04-15T21:39:39.040Z,"26 km WSW of Ekinözü, Turkey",earthquake,2.78,1.812,0.064,72,reviewed,us,us
2023-02-06T16:25:01.255Z,38.0666,36.4607,10,4.2,mb,55,37,0.342,0.62,us,us6000jnuu,2023-04-15T21:40:04.040Z,"5 km NNW of Göksun, Turkey",earthquake,3.13,1.88,0.099,28,reviewed,us,us
2023-02-06T16:22:44.967Z,38.0189,36.5048,3.826,4.1,mb,22,77,0.394,0.55,us,us6000jnwi,2023-04-15T21:40:05.040Z,"0 km ESE of Göksun, Turkey",earthquake,2.61,6.205,0.213,6,reviewed,us,us
2023-02-06T16:21:46.033Z,38.0912,36.433,10,4.1,mb,33,49,0.316,1.08,us,us6000jnua,2023-04-15T21:40:03.040Z,"9 km NW of Göksun, Turkey",earthquake,1.65,1.901,0.198,7,reviewed,us,us
2023-02-06T16:06:42.958Z,37.9972,36.9911,10,4.3,mb,52,51,0.609,0.83,us,us6000jlsy,2023-04-15T21:39:38.040Z,"18 km WSW of Ekinözü, Turkey",earthquake,3.24,1.158,0.119,20,reviewed,us,us
2023-02-06T15:59:27.990Z,38.0709,37.5505,10,4.2,mb,44,75,0.937,1.22,us,us6000jnwa,2023-04-15T21:40:05.040Z,"Central Turkey",earthquake,2.25,1.916,0.141,14,reviewed,us,us
2023-02-06T15:14:34.402Z,37.8791,37.7355,10,4.9,mwr,132,28,0.82,0.82,us,us6000jlsq,2023-04-15T21:39:38.040Z,"13 km NE of Gölba??, Turkey",earthquake,5.22,1.804,0.063,24,reviewed,us,us
2023-02-06T14:57:46.819Z,38.0378,37.8354,10,4.3,mwr,67,52,0.983,1.13,us,us6000jlsn,2023-04-15T21:39:38.040Z,"6 km SSW of Do?an?ehir, Turkey",earthquake,2.26,1.816,0.098,10,reviewed,us,us
2023-02-06T14:41:57.177Z,38.1782,37.7439,10,4.5,mb,60,65,1.068,1.16,us,us6000jlsj,2023-04-15T21:39:38.040Z,"15 km NW of Do?an?ehir, Turkey",earthquake,3.68,1.899,0.113,23,reviewed,us,us
2023-02-06T14:29:57.853Z,37.9977,36.4927,10,4.7,mb,104,39,0.413,0.89,us,us6000jlsf,2023-04-15T21:39:38.040Z,"2 km S of Göksun, Turkey",earthquake,3.64,1.831,0.066,70,reviewed,us,us
2023-02-06T14:17:18.854Z,37.8732,37.3571,21.255,4.4,mb,66,79,0.71,0.77,us,us6000jlsd,2023-04-15T21:39:38.040Z,"",earthquake,4.36,2.999,0.086,39,reviewed,us,us
2023-02-06T14:10:09.968Z,37.7257,37.385,10,4.5,mb,102,66,0.57,0.87,us,us6000jlsb,2023-04-15T21:39:38.040Z,"8 km ESE of Ça?layancerit, Turkey",earthquake,5.75,1.875,0.075,52,reviewed,us,us
2023-02-06T14:04:49.444Z,37.9944,36.4533,10,4.4,mb,67,36,0.413,0.64,us,us6000jls9,2023-04-15T21:39:38.040Z,"4 km SW of Göksun, Turkey",earthquake,2.34,1.873,0.098,30,reviewed,us,us
2023-02-06T13:58:50.413Z,38.0588,36.4642,10,4.3,mb,38,80,0.35,0.84,us,us6000jnts,2023-04-15T21:40:03.040Z,"Central Turkey",earthquake,2.54,1.925,0.148,13,reviewed,us,us
2023-02-06T13:44:51.298Z,37.9405,37.4916,16.865,5,mb,106,64,0.799,0.71,us,us6000jls6,2023-04-15T21:39:38.040Z,"5 km ESE of Nurhak, Turkey",earthquake,3.9,3.84,0.055,105,reviewed,us,us
2023-02-06T13:39:24.254Z,38.0166,37.7013,10,5.3,mb,221,33,0.929,1.23,us,us6000jls3,2023-04-15T21:39:37.040Z,"16 km WSW of Do?an?ehir, Turkey",earthquake,5.36,1.802,0.044,176,reviewed,us,us
2023-02-06T13:33:15.653Z,37.9231,37.5399,15.685,4.2,mb,32,64,0.794,1.06,us,us6000jnu9,2023-04-15T21:40:03.040Z,"Central Turkey",earthquake,5.73,3.69,0.235,5,reviewed,us,us
2023-02-06T13:22:01.325Z,38.0367,37.3789,10.761,4.4,mb,40,71,0.874,0.49,us,us6000jntp,2023-04-15T21:40:02.040Z,"Central Turkey",earthquake,4.67,4.794,0.144,14,reviewed,us,us
2023-02-06T13:17:42.209Z,37.9951,36.3843,10,4.9,mb,106,30,0.412,0.78,us,us6000jls0,2023-04-15T21:39:37.040Z,"10 km WSW of Göksun, Turkey",earthquake,5.62,1.798,0.057,98,reviewed,us,us
2023-02-06T13:12:27.843Z,37.9077,36.5237,10,4.8,mb,50,81,1.082,0.61,us,us6000jnvk,2023-04-15T21:40:04.040Z,"12 km S of Göksun, Turkey",earthquake,5.57,1.857,0.118,22,reviewed,us,us
2023-02-06T13:11:56.990Z,38.0104,36.6564,10,4.7,mb,61,42,0.945,0.74,us,us6000jlry,2023-04-15T21:39:37.040Z,"14 km E of Göksun, Turkey",earthquake,3.29,1.835,0.086,41,reviewed,us,us
2023-02-06T13:07:45.076Z,38.0384,37.371,16.904,5,mb,114,56,0.836,0.67,us,us6000jlrv,2023-04-15T21:39:37.040Z,"Central Turkey",earthquake,2.07,3.632,0.053,115,reviewed,us,us
2023-02-06T13:06:39.750Z,37.991,37.2762,19.665,4.5,mb,57,60,0.794,0.94,us,us6000jnu4,2023-04-15T21:40:03.040Z,"10 km SE of Ekinözü, Turkey",earthquake,4.47,4.524,0.108,25,reviewed,us,us
2023-02-06T13:03:17.843Z,37.9978,37.4732,9.48,4.6,mb,80,77,0.85,0.8,us,us6000jntk,2023-04-15T21:40:02.040Z,"4 km NE of Nurhak, Turkey",earthquake,5.47,4.502,0.085,41,reviewed,us,us
2023-02-06T13:00:18.127Z,38.1156,36.6841,10,4.5,mb,34,97,0.986,0.59,us,us6000jlrt,2023-04-15T21:39:37.040Z,"19 km ENE of Göksun, Turkey",earthquake,4.59,1.804,0.118,21,reviewed,us,us
2023-02-06T12:54:39.920Z,38.0519,36.864,18.833,4.6,mb,77,48,0.499,0.38,us,us6000jlrq,2023-04-15T21:39:37.040Z,"22 km SSW of Af?in, Turkey",earthquake,4.11,4.53,0.085,41,reviewed,us,us
2023-02-06T12:48:01.449Z,38.0382,36.8659,13.923,4.3,mb,48,55,0.51,0.5,us,us6000jlrp,2023-04-15T21:39:37.040Z,"23 km S of Af?in, Turkey",earthquake,4.62,5.289,0.133,16,reviewed,us,us
2023-02-06T12:36:33.066Z,37.9664,37.7885,10,4.6,mb,65,85,0.917,0.69,us,us6000jlrk,2023-04-15T21:39:37.040Z,"Central Turkey",earthquake,4.82,1.852,0.102,29,reviewed,us,us
2023-02-06T12:31:40.752Z,37.8798,37.4824,16.174,4.2,mb,36,60,0.739,0.36,us,us6000jntg,2023-04-15T21:40:02.040Z,"10 km SSE of Nurhak, Turkey",earthquake,2.91,4.535,0.115,21,reviewed,us,us
2023-02-06T12:21:18.492Z,38.0621,36.4541,8.221,4.4,mb,49,52,0.346,0.51,us,us6000jlrh,2023-04-15T21:39:37.040Z,"5 km NW of Göksun, Turkey",earthquake,3.46,4.939,0.107,25,reviewed,us,us
2023-02-06T12:13:48.646Z,37.9248,37.3761,17.77,4.7,mb,87,66,0.763,0.38,us,us6000jlrg,2023-04-15T21:39:37.040Z,"7 km SW of Nurhak, Turkey",earthquake,3.3,4,0.063,78,reviewed,us,us
2023-02-06T12:07:32.722Z,38.0169,36.4016,8.28,4.4,mb,21,74,0.39,0.34,us,us6000jnwq,2023-04-15T21:40:05.040Z,"8 km W of Göksun, Turkey",earthquake,2.47,4.863,0.19,8,reviewed,us,us
2023-02-06T12:02:11.275Z,38.0582,36.5114,8.516,6,mb,138,25,0.356,0.54,us,us6000jlrc,2023-04-15T21:39:37.040Z,"4 km NNE of Göksun, Turkey",earthquake,4.32,3.954,0.024,647,reviewed,us,us
2023-02-06T11:58:37.429Z,38.0509,37.5686,15.351,4.7,mb,77,73,0.922,0.51,us,us6000jlrb,2023-04-15T21:39:37.040Z,"14 km NE of Nurhak, Turkey",earthquake,3.81,3.359,0.066,70,reviewed,us,us
2023-02-06T11:55:57.601Z,38.0599,36.6805,7.09,4.3,mb,36,63,0.404,0.5,us,us6000jntd,2023-04-15T21:40:02.040Z,"16 km ENE of Göksun, Turkey",earthquake,3.17,6.263,0.137,15,reviewed,us,us
2023-02-06T11:51:22.063Z,38.016,37.7225,16.818,4.5,mb,59,82,0.936,0.58,us,us6000jm76,2023-04-15T21:39:43.040Z,"",earthquake,3.97,4.26,0.093,34,reviewed,us,us
2023-02-06T11:50:04.398Z,37.9721,36.3402,5.716,4.5,mb,60,52,0.391,0.34,us,us6000jlra,2023-04-15T21:39:37.040Z,"14 km WSW of Göksun, Turkey",earthquake,4.22,4.533,0.096,32,reviewed,us,us
2023-02-06T11:39:41.665Z,38.0622,36.5678,11.405,4.8,mb,75,41,0.364,0.56,us,us6000jlr7,2023-04-15T21:39:37.040Z,"7 km NE of Göksun, Turkey",earthquake,3.88,4.525,0.07,62,reviewed,us,us
2023-02-06T11:35:28.583Z,37.9417,37.351,17.733,4.5,mb,95,64,0.776,0.41,us,us6000jlr9,2023-04-15T21:39:37.040Z,"Central Turkey",earthquake,4.43,4.246,0.074,54,reviewed,us,us
2023-02-06T11:28:33.812Z,37.9264,36.9995,18.104,4.2,mb,20,156,0.623,0.34,us,us6000jnwp,2023-04-15T21:40:05.040Z,"22 km SW of Ekinözü, Turkey",earthquake,5.95,7.845,0.186,8,reviewed,us,us
2023-02-06T11:20:24.969Z,38.0274,37.7493,15.64,4.1,mb,18,82,0.955,0.52,us,us6000jnt9,2023-04-15T21:40:02.040Z,"Central Turkey",earthquake,4.16,3.036,0.234,5,reviewed,us,us
2023-02-06T11:11:40.849Z,37.9593,37.3732,10,4.9,mb,56,65,0.797,0.64,us,us6000jlqx,2023-04-15T21:39:36.040Z,"5 km W of Nurhak, Turkey",earthquake,3.8,1.888,0.078,52,reviewed,us,us
2023-02-06T11:05:35.084Z,38.0752,36.7588,5.968,5.1,mb,86,68,0.426,0.61,us,us6000jlqr,2023-04-15T21:39:36.040Z,"23 km SW of Af?in, Turkey",earthquake,5.12,4.724,0.071,64,reviewed,us,us
2023-02-06T11:04:38.987Z,38.0723,36.6628,15.349,4.2,mb,30,53,0.386,0.78,us,us6000jnt8,2023-04-15T21:40:02.040Z,"15 km ENE of Göksun, Turkey",earthquake,6.68,6.769,0.14,14,reviewed,us,us
2023-02-06T11:01:36.485Z,37.8259,37.4436,13.77,4.8,mb,50,50,0.679,0.57,us,us6000jlqy,2023-04-15T21:39:37.040Z,"15 km S of Nurhak, Turkey",earthquake,5.37,3.889,0.109,26,reviewed,us,us
2023-02-06T10:56:24.688Z,37.9728,37.3801,10,4.6,mb,29,96,0.811,0.71,us,us6000jnt4,2023-04-15T21:40:02.040Z,"5 km W of Nurhak, Turkey",earthquake,4.71,1.926,0.222,6,reviewed,us,us
2023-02-06T10:50:35.934Z,37.9155,37.8106,16.124,4.3,mb,65,88,0.883,0.86,us,us6000jnu6,2023-04-15T21:40:03.040Z,"16 km NW of Tut, Turkey",earthquake,5.12,4.536,0.119,20,reviewed,us,us
2023-02-06T10:47:41.873Z,38.0443,36.644,10,4.7,mb,46,54,0.404,0.97,us,us6000jnw7,2023-04-15T21:40:05.040Z,"",earthquake,4.77,1.859,0.196,12,reviewed,us,us
2023-02-06T10:46:56.782Z,38.039,36.8385,10,4.7,mb,48,55,0.495,0.55,us,us6000jnt5,2023-04-15T21:40:02.040Z,"24 km SSW of Af?in, Turkey",earthquake,5.24,1.793,0.175,14,reviewed,us,us
2023-02-06T10:44:46.950Z,38.034,37.7967,11.982,4.6,mb,37,82,0.979,1.06,us,us6000jnu5,2023-04-15T21:40:03.040Z,"8 km SW of Do?an?ehir, Turkey",earthquake,3.07,4.384,0.183,12,reviewed,us,us
2023-02-06T10:38:57.715Z,37.8722,37.3582,10,4.5,mb,37,140,0.855,0.75,us,us6000jnwk,2023-04-15T21:40:05.040Z,"12 km SW of Nurhak, Turkey",earthquake,5.18,1.64,0.14,17,reviewed,us,us
2023-02-06T10:35:58.161Z,38.0249,37.8023,10,5.8,mb,109,56,0.973,0.9,us,us6000jlqe,2023-04-15T21:39:36.040Z,"9 km SW of Do?an?ehir, Turkey",earthquake,4.5,1.797,0.051,141,reviewed,us,us
2023-02-06T10:32:08.932Z,37.9962,37.2033,14.057,5.4,mb,44,66,0.742,0.98,us,us6000jnt0,2023-04-15T21:40:02.040Z,"7 km S of Ekinözü, Turkey",earthquake,4.09,3.651,0.176,20,reviewed,us,us
2023-02-06T10:24:48.811Z,38.0106,37.1962,7.432,7.5,mww,111,29,0.73,0.7,us,us6000jlqa,2023-06-17T18:00:10.939Z,"Elbistan earthquake, Kahramanmaras earthquake sequence",earthquake,5.09,3.709,0.041,58,reviewed,us,us
2023-02-06T09:36:17.151Z,37.3147,36.7946,11.367,4.3,mb,34,153,0.36,1.19,us,us6000jlq5,2023-04-15T21:39:36.040Z,"Central Turkey",earthquake,5.97,3.43,0.137,15,reviewed,us,us
2023-02-06T08:52:37.361Z,37.4633,37.2102,10,4.8,mb,82,57,0.291,0.81,us,us6000jlpv,2023-04-15T21:39:36.040Z,"Central Turkey",earthquake,2.56,1.621,0.069,65,reviewed,us,us
2023-02-06T06:59:05.328Z,37.47,37.0824,19.154,4.2,mb,46,113,0.314,0.65,us,us6000jns8,2023-04-15T21:40:01.040Z,"18 km SE of Kahramanmara?, Turkey",earthquake,4.26,4.391,0.121,19,reviewed,us,us
2023-02-06T06:54:57.430Z,37.6427,37.394,10,4.8,mwr,105,56,0.492,0.54,us,us6000jlp9,2023-04-15T21:39:35.040Z,"14 km SE of Ça?layancerit, Turkey",earthquake,5.42,1.797,0.063,24,reviewed,us,us
2023-02-06T06:26:28.168Z,37.3961,37.1506,10,4.6,mb,71,107,0.229,0.45,us,us6000jlsg,2023-04-15T21:39:38.040Z,"16 km SW of Pazarc?k, Turkey",earthquake,5.02,1.902,0.081,45,reviewed,us,us
2023-02-06T06:14:38.909Z,37.4072,36.9513,10,4.3,mb,31,135,0.312,0.37,us,us6000jns3,2023-04-15T21:40:00.040Z,"19 km S of Kahramanmara?, Turkey",earthquake,1.69,1.927,0.177,9,reviewed,us,us
2023-02-06T05:22:44.551Z,37.3082,37.7106,10,4.4,mb,37,119,1.12,0.46,us,us6000jlnx,2023-04-15T21:39:35.040Z,"12 km E of Yavuzeli, Turkey",earthquake,8.69,1.914,0.102,28,reviewed,us,us
2023-02-06T05:16:55.953Z,37.7999,37.7821,10,4.1,mb,38,103,0.775,0.65,us,us6000jnrv,2023-04-15T21:40:00.040Z,"11 km W of Tut, Turkey",earthquake,3.07,1.933,0.175,9,reviewed,us,us
2023-02-06T05:12:52.692Z,37.4966,37.1888,5.336,4.4,mb,29,85,0.324,1.11,us,us6000jnrx,2023-04-15T21:40:00.040Z,"9 km W of Pazarc?k, Turkey",earthquake,2.52,5.123,0.162,11,reviewed,us,us
2023-02-06T05:04:31.901Z,37.3768,37.0793,11.165,4.2,mb,19,136,0.229,0.5,us,us6000jnvb,2023-04-15T21:40:04.040Z,"23 km WSW of Pazarc?k, Turkey",earthquake,8.89,7.385,0.176,9,reviewed,us,us
2023-02-06T04:56:05.491Z,37.4609,37.1603,16.174,4.5,mb,84,69,0.291,0.64,us,us6000jlnu,2023-04-15T21:39:35.040Z,"12 km WSW of Pazarc?k, Turkey",earthquake,6.53,4.698,0.074,53,reviewed,us,us
2023-02-06T04:39:47.868Z,37.7907,37.4444,17.034,4.3,mb,51,96,0.645,0.54,us,us6000jlnq,2023-04-15T21:39:35.040Z,"14 km ENE of Ça?layancerit, Turkey",earthquake,4.39,4.707,0.097,30,reviewed,us,us
2023-02-06T04:31:02.298Z,37.2919,36.8854,12.932,4.3,mb,32,159,0.285,0.72,us,us6000jnrs,2023-04-15T21:40:00.040Z,"19 km NE of Nurda??, Turkey",earthquake,4.59,6.261,0.142,14,reviewed,us,us
2023-02-06T04:24:45.154Z,37.555,37.2001,13.385,4.1,mb,25,93,0.382,0.56,us,us6000jnvd,2023-04-15T21:40:04.040Z,"11 km NW of Pazarc?k, Turkey",earthquake,3.11,5.604,0.214,6,reviewed,us,us
2023-02-06T04:16:49.374Z,37.5236,37.2784,11.788,4.5,mb,88,66,0.355,0.43,us,us6000jlnd,2023-04-15T21:39:34.040Z,"Central Turkey",earthquake,2.71,4.618,0.072,57,reviewed,us,us
2023-02-06T04:05:15.992Z,37.7658,37.4588,10,4.1,mb,22,119,0.625,1.15,us,us6000jnvn,2023-04-15T21:40:05.040Z,"15 km E of Ça?layancerit, Turkey",earthquake,2.67,1.854,0.157,11,reviewed,us,us
2023-02-06T04:04:22.647Z,37.8315,37.3919,5.017,4.4,mb,65,83,0.674,0.52,us,us6000jlnc,2023-04-15T21:39:34.040Z,"13 km NE of Ça?layancerit, Turkey",earthquake,4.66,4.563,0.088,37,reviewed,us,us
2023-02-06T03:55:10.580Z,37.3982,36.8946,10,4.2,mb,14,160,0.338,0.7,us,us6000jnrr,2023-04-15T21:40:00.040Z,"20 km S of Kahramanmara?, Turkey",earthquake,2.7,1.995,0.199,7,reviewed,us,us
2023-02-06T03:54:00.586Z,37.7604,37.4251,14.46,4.3,mb,32,90,0.612,0.71,us,us6000jnrm,2023-04-15T21:40:00.040Z,"Central Turkey",earthquake,2.96,4.766,0.153,12,reviewed,us,us
2023-02-06T03:41:28.306Z,37.2442,37.1335,15.704,4.3,mb,36,134,0.094,0.73,us,us6000jnsv,2023-04-15T21:40:01.040Z,"30 km NW of Gaziantep, Turkey",earthquake,5.35,6.288,0.129,17,reviewed,us,us
2023-02-06T03:24:30.161Z,37.9268,37.8357,5.884,4.4,mb,39,92,0.903,0.71,us,us6000jnrh,2023-04-15T21:39:59.040Z,"16 km NNW of Tut, Turkey",earthquake,2.73,5.039,0.124,19,reviewed,us,us
2023-02-06T03:19:15.155Z,37.733,37.4257,10,4,mb,17,95,1.042,0.57,us,us6000jnrj,2023-04-15T21:40:00.040Z,"12 km E of Ça?layancerit, Turkey",earthquake,3.43,1.973,0.212,6,reviewed,us,us
2023-02-06T03:12:11.339Z,37.5003,37.3267,3.572,4.5,mb,79,76,0.341,0.68,us,us6000jln3,2023-04-15T21:39:34.040Z,"2 km ENE of Pazarc?k, Turkey",earthquake,5.28,4.287,0.074,53,reviewed,us,us
2023-02-06T03:10:20.089Z,37.7127,37.8001,16.08,4.4,mb,79,70,0.716,0.37,us,us6000jln6,2023-04-15T21:39:34.040Z,"5 km WNW of Besni, Turkey",earthquake,5.78,4.132,0.074,53,reviewed,us,us
2023-02-06T03:02:18.228Z,37.9204,37.7822,10,4.4,mb,52,91,0.875,0.62,us,us6000jnrg,2023-04-15T21:39:59.040Z,"18 km NW of Tut, Turkey",earthquake,3.38,1.875,0.095,32,reviewed,us,us
2023-02-06T02:34:18.119Z,37.4941,37.2266,14.637,4.3,mb,41,91,0.322,0.6,us,us6000jnry,2023-04-15T21:40:00.040Z,"6 km W of Pazarc?k, Turkey",earthquake,6.91,5.929,0.111,23,reviewed,us,us
2023-02-06T02:32:08.686Z,37.5639,37.1467,17.393,4.5,mb,32,81,0.205,1,us,us6000jnw0,2023-04-15T21:40:05.040Z,"15 km WNW of Pazarc?k, Turkey",earthquake,5.8,4.065,0.124,19,reviewed,us,us
2023-02-06T02:31:26.171Z,37.4137,36.8216,12.112,4.5,mb,42,156,0.111,0.65,us,us6000jnsi,2023-04-15T21:40:01.040Z,"21 km SSW of Kahramanmara?, Turkey",earthquake,6.24,4.994,0.113,23,reviewed,us,us
2023-02-06T02:28:43.721Z,37.4292,36.9502,8.01,4.1,mb,21,146,0.086,0.57,us,us6000jnw1,2023-04-15T21:40:05.040Z,"Central Turkey",earthquake,5.34,7.776,0.235,5,reviewed,us,us
2023-02-06T02:21:20.561Z,37.4358,37.0658,14.349,4.2,mb,34,83,0.287,0.7,us,us6000jmn5,2023-04-15T21:39:50.040Z,"20 km SE of Kahramanmara?, Turkey",earthquake,3.8,4.705,0.115,21,reviewed,us,us
2023-02-06T02:16:09.128Z,37.4468,37.0449,10,4.2,mb,13,129,0.304,0.4,us,us6000jmn3,2023-04-15T21:39:49.040Z,"18 km SE of Kahramanmara?, Turkey",earthquake,4.28,1.954,0.235,5,reviewed,us,us
2023-02-06T02:13:40.815Z,37.2863,36.8539,10,4.2,mb,17,89,0.306,0.46,us,us6000jnra,2023-04-15T21:39:59.040Z,"16 km NE of Nurda??, Turkey",earthquake,5.2,1.92,0.167,10,reviewed,us,us
2023-02-06T02:01:45.687Z,37.3512,37.095,10.502,4.8,mb,77,81,0.201,0.72,us,us6000jlmy,2023-04-15T21:39:34.040Z,"23 km SW of Pazarc?k, Turkey",earthquake,5.22,4.226,0.076,53,reviewed,us,us
2023-02-06T02:01:18.994Z,37.7238,37.8026,16.202,4.5,mb,41,135,1.166,0.76,us,us6000jnvi,2023-04-15T21:40:04.040Z,"6 km WNW of Besni, Turkey",earthquake,6.66,5.335,0.131,17,reviewed,us,us
2023-02-06T01:56:29.834Z,37.7175,37.3615,10,4.3,mb,16,89,0.558,0.49,us,us6000jnvm,2023-04-15T21:40:04.040Z,"7 km ESE of Ça?layancerit, Turkey",earthquake,3.65,1.953,0.178,9,reviewed,us,us
2023-02-06T01:51:43.490Z,37.4756,37.1578,7.445,4.7,mb,76,77,0.306,0.84,us,us6000jm4n,2023-04-15T21:39:41.040Z,"12 km W of Pazarc?k, Turkey",earthquake,4.88,4.304,0.08,47,reviewed,us,us
2023-02-06T01:26:50.869Z,37.2252,37.0001,10,5.7,mb,94,75,0.175,1.32,us,us6000jlnn,2023-04-15T21:39:35.040Z,"24 km ENE of Nurda??, Turkey",earthquake,2.35,1.789,0.072,69,reviewed,us,us
2023-02-06T01:17:34.342Z,37.2256,37.0143,10,7.8,mww,266,17,0.165,0.66,us,us6000jllz,2023-07-24T07:31:10.842Z,"Pazarcik earthquake, Kahramanmaras earthquake sequence",earthquake,5.23,1.784,0.05,38,reviewed,us,us
